customer,IAT,Clock Time,Service Time,Service End,Customers in System,Customers in Queue,Waiting Time,Time in System,Idle time of server
1,4,4,1,5,,,,,
2,6,10,6,16,,,,,
3,8,18,5,23,,,,,
4,8,26,3,29,,,,,
5,8,34,1,35,,,,,
6,3,37,2,39,,,,,
7,8,45,3,48,,,,,
8,8,53,3,56,,,,,
9,2,55,5,60,,,,,
10,6,61,4,65,,,,,
11,7,68,6,74,,,,,
12,5,73,4,77,,,,,
13,3,76,1,77,,,,,
14,6,82,5,87,,,,,
15,3,85,2,87,,,,,
16,8,93,6,99,,,,,
17,8,101,4,105,,,,,
18,5,106,1,107,,,,,
19,4,110,3,113,,,,,
20,2,112,3,115,,,,,
21,3,115,6,121,,,,,
22,3,118,3,121,,,,,
23,2,120,1,121,,,,,
24,4,124,5,129,,,,,
25,8,132,1,133,,,,,
26,6,138,4,142,,,,,
27,8,146,2,148,,,,,
28,8,154,3,157,,,,,
29,4,158,4,162,,,,,
30,1,159,5,164,,,,,
31,4,163,4,167,,,,,
32,3,166,6,172,,,,,
33,3,169,5,174,,,,,
34,4,173,1,174,,,,,
35,4,177,1,178,,,,,
36,8,185,1,186,,,,,
37,4,189,6,195,,,,,
38,6,195,4,199,,,,,
39,3,198,2,200,,,,,
40,8,206,5,211,,,,,
41,2,208,1,209,,,,,
42,5,213,2,215,,,,,
43,8,221,6,227,,,,,
44,8,229,6,235,,,,,
45,8,237,3,240,,,,,
46,2,239,6,245,,,,,
47,5,244,1,245,,,,,
48,5,249,4,253,,,,,
49,3,252,4,256,,,,,
50,7,259,6,265,,,,,
51,2,261,5,266,,,,,
52,6,267,4,271,,,,,
53,8,275,3,278,,,,,
54,6,281,6,287,,,,,
55,3,284,1,285,,,,,
56,4,288,2,290,,,,,
57,1,289,2,291,,,,,
58,7,296,2,298,,,,,
59,6,302,4,306,,,,,
60,5,307,1,308,,,,,
61,4,311,6,317,,,,,
62,8,319,5,324,,,,,
63,5,324,1,325,,,,,
64,2,326,1,327,,,,,
65,4,330,6,336,,,,,
66,6,336,3,339,,,,,
67,2,338,3,341,,,,,
68,5,343,4,347,,,,,
69,1,344,1,345,,,,,
70,1,345,5,350,,,,,
71,6,351,3,354,,,,,
72,5,356,4,360,,,,,
73,1,357,2,359,,,,,
74,7,364,4,368,,,,,
75,5,369,2,371,,,,,
76,1,370,1,371,,,,,
77,8,378,3,381,,,,,
78,8,386,6,392,,,,,
79,7,393,3,396,,,,,
80,2,395,2,397,,,,,
81,5,400,1,401,,,,,
82,6,406,3,409,,,,,
83,7,413,4,417,,,,,
84,7,420,6,426,,,,,
85,1,421,2,423,,,,,
86,3,424,3,427,,,,,
87,2,426,4,430,,,,,
88,4,430,2,432,,,,,
89,7,437,5,442,,,,,
90,8,445,3,448,,,,,
91,3,448,3,451,,,,,
92,7,455,2,457,,,,,
93,1,456,3,459,,,,,
94,1,457,3,460,,,,,
95,4,461,6,467,,,,,
96,5,466,3,469,,,,,
97,8,474,1,475,,,,,
98,2,476,6,482,,,,,
99,3,479,4,483,,,,,
100,6,485,3,488,,,,,
